reaction_type,from_formula,to_formula,balanced_reaction,run41|BSSE=no,run102|BSSE=no,run102|BSSE=yes,run110|BSSE=no
"Exchange (-L, +Solv)",1Zn_1Im-_5MeOH,1Zn_6MeOH,1Zn_1Im-_5MeOH + MeOH -> 1Zn_6MeOH + Im-,176.28109999997832,179.29307400781545,179.18317339473288,180.47519999999804
"Exchange (-L, +Solv)",1Zn_1Im-_5Wat,1Zn_6Wat,1Zn_1Im-_5Wat + Wat -> 1Zn_6Wat + Im-,186.46570000005886,189.91761930265784,189.3929997032028,181.13830000000007
"Exchange (-L, +Solv)",1Zn_1ImH_5MeOH,1Zn_6MeOH,1Zn_1ImH_5MeOH + MeOH -> 1Zn_6MeOH + ImH,20.73319999985688,22.27396838038112,22.828201467142208,22.093000000001666
"Exchange (-L, +Solv)",1Zn_1ImH_5Wat,1Zn_6Wat,1Zn_1ImH_5Wat + Wat -> 1Zn_6Wat + ImH,27.503100000089034,28.560361409057805,29.35009570224065,22.426499999999123
"Exchange (-L, +Solv)",1Zn_1MImH_5MeOH,1Zn_6MeOH,1Zn_1MImH_5MeOH + MeOH -> 1Zn_6MeOH + MImH,23.21290000011504,24.354983368742978,24.78573393143597,22.921299999999064
"Exchange (-L, +Solv)",1Zn_1MImH_5Wat,1Zn_6Wat,1Zn_1MImH_5Wat + Wat -> 1Zn_6Wat + MImH,29.565599999856204,30.789035439629515,31.629093517803994,23.328899999998157
"Exchange (-L, +Solv)",1Zn_1MIm_5MeOH,1Zn_6MeOH,1Zn_1MIm_5MeOH + MeOH -> 1Zn_6MeOH + MIm,176.78949999991164,179.62485919738538,180.3327946748759,179.51170000000002
"Exchange (-L, +Solv)",1Zn_1MIm_5Wat,1Zn_6Wat,1Zn_1MIm_5Wat + Wat -> 1Zn_6Wat + MIm,187.7038000000175,190.0456390284453,189.46416464147478,181.23569999999881
