reaction_type,from_formula,to_formula,balanced_reaction,run8|BSSE=no,run41|BSSE=no,run102|BSSE=no,run102|BSSE=yes,run110|BSSE=no
Deprotonation (-H+),1Zn_1ImH_5Wat,1Zn_1Im-_5Wat,1Zn_1ImH_5Wat -> 1Zn_1Im-_5Wat + H+,206.907100000001,197.45269999979064,195.99144142429577,196.2405005582841,200.17330000000118
"Exchange (-Wat, +Im(-))",1Zn_0ImH_6Wat,1Zn_1Im-_5Wat,1Zn_0ImH_6Wat + Im- -> 1Zn_1Im-_5Wat + Wat,-215.74849999999833,-186.61020000002463,-190.1786075674172,-189.97165801454685,-181.56039999999757
"Exchange (-Wat, +ImH)",1Zn_0ImH_6Wat,1Zn_1ImH_5Wat,1Zn_0ImH_6Wat + ImH -> 1Zn_1ImH_5Wat + Wat,-34.08939999999939,-27.58609999984037,-29.235121017409256,-29.27723059852724,-22.595099999998638
monomer Protonation (+H),Im-_monomer,ImH_monomer,Im-_monomer + H -> ImH_monomer,-388.5662,-356.4767999999749,-356.9349279743037,-356.9349279743037,-359.1386000000001
